{
  "test_config": {
    "dimension": 128,
    "timestamp": 1757223705.170041,
    "system": {
      "cpu_cores": 16,
      "total_ram_gb": 128.0
    }
  },
  "results": [
    {
      "scale": 1000,
      "dimension": 128,
      "insertion_total_time": 0.5695609590038657,
      "insertion_rate_vec_per_sec": 1755.7383177192326,
      "insertion_rate_mb_per_sec": 0.857294100448844,
      "memory_before_mb": 61.65625,
      "memory_after_mb": 87.6875,
      "memory_used_mb": 2.1875,
      "bytes_per_vector": 2293.76,
      "search_latency_avg_ms": 0.5398433958180249,
      "search_latency_p50_ms": 0.5337090697139502,
      "search_latency_p95_ms": 0.582040986046195,
      "search_latency_p99_ms": 0.6918751168996096,
      "search_qps": 1852.3890590246078,
      "exact_match_accuracy": 0.165,
      "self_search_accuracy": 0.165,
      "theoretical_log_n": 9.965784284662087,
      "actual_vs_theoretical": 1.0,
      "success": true,
      "error_message": ""
    },
    {
      "scale": 5000,
      "dimension": 128,
      "insertion_total_time": 3.158218959113583,
      "insertion_rate_vec_per_sec": 1583.170788577417,
      "insertion_rate_mb_per_sec": 0.7730326116100669,
      "memory_before_mb": 100.03125,
      "memory_after_mb": 105.046875,
      "memory_used_mb": 5.015625,
      "bytes_per_vector": 1051.8528,
      "search_latency_avg_ms": 0.5543081439100206,
      "search_latency_p50_ms": 0.5541250575333834,
      "search_latency_p95_ms": 0.5831250455230474,
      "search_latency_p99_ms": 0.6750831380486488,
      "search_qps": 1804.0507089542732,
      "exact_match_accuracy": 0.165,
      "self_search_accuracy": 0.165,
      "theoretical_log_n": 12.287712379549449,
      "actual_vs_theoretical": 0.832767775816128,
      "success": true,
      "error_message": ""
    },
    {
      "scale": 10000,
      "dimension": 128,
      "insertion_total_time": 6.443170832935721,
      "insertion_rate_vec_per_sec": 1552.03086481624,
      "insertion_rate_mb_per_sec": 0.7578275707110547,
      "memory_before_mb": 129.671875,
      "memory_after_mb": 136.484375,
      "memory_used_mb": 6.8125,
      "bytes_per_vector": 714.3424,
      "search_latency_avg_ms": 0.5386043549515307,
      "search_latency_p50_ms": 0.5318338517099619,
      "search_latency_p95_ms": 0.5799999926239252,
      "search_latency_p99_ms": 0.622499966993928,
      "search_qps": 1856.6504165938104,
      "exact_match_accuracy": 0.165,
      "self_search_accuracy": 0.165,
      "theoretical_log_n": 13.287712379549449,
      "actual_vs_theoretical": 0.7482786106914163,
      "success": true,
      "error_message": ""
    },
    {
      "scale": 25000,
      "dimension": 128,
      "insertion_total_time": 0,
      "insertion_rate_vec_per_sec": 0,
      "insertion_rate_mb_per_sec": 0,
      "memory_before_mb": 0,
      "memory_after_mb": 0,
      "memory_used_mb": 0,
      "bytes_per_vector": 0,
      "search_latency_avg_ms": 0,
      "search_latency_p50_ms": 0,
      "search_latency_p95_ms": 0,
      "search_latency_p99_ms": 0,
      "search_qps": 0,
      "exact_match_accuracy": 0,
      "self_search_accuracy": 0,
      "theoretical_log_n": 0,
      "actual_vs_theoretical": 0,
      "success": false,
      "error_message": "Failed to add vector vec_10000 at position 10000"
    }
  ]
}