{
  "status": "SUCCESS",
  "dataset": "realistic_10000_128d",
  "vectors_indexed": 10000,
  "dimensions": 128,
  "insertion_time_sec": 0.3302352909959154,
  "insertion_rate_vec_per_sec": 30281.439545247413,
  "synthetic_rate_comparison": 1.1266673938775686,
  "queries_tested": 200,
  "recall_at_1": 0.0,
  "recall_at_10": 0.0005,
  "recall_at_100": 0.0006000000000000001,
  "avg_search_latency_ms": 0.03477979997114744,
  "p95_search_latency_ms": 0.03887704078806564,
  "memory_used_mb": 289.890625,
  "memory_per_vector_mb": 0.0289890625,
  "test_timestamp": 1758144019.36438
}