{
  "status": "SUCCESS",
  "dataset": "realistic_10000_128d",
  "vectors_indexed": 10000,
  "dimensions": 128,
  "insertion_time_sec": 0.33598937500210013,
  "insertion_rate_vec_per_sec": 29762.845923141154,
  "synthetic_rate_comparison": 1.107372322920756,
  "queries_tested": 200,
  "recall_at_1": 0.0,
  "recall_at_10": 0.0,
  "recall_at_100": 0.0,
  "avg_search_latency_ms": 0.03524772451783065,
  "p95_search_latency_ms": 0.04112499373150058,
  "memory_used_mb": 291.890625,
  "memory_per_vector_mb": 0.0291890625,
  "test_timestamp": 1758143998.362765
}